buoy_day_ID,buoy,day,latitude,longitude,zon_winds,mer_winds,humidity,airtemp,s_s_temp
1,1,1,8.96,-140.32,-6.3,-6.4,83.5,27.32,27.57
2,1,2,8.95,-140.32,-5.7,-3.6,86.4,26.7,27.62
3,1,3,8.96,-140.32,-6.2,-5.8,83,27.36,27.68
4,1,4,8.96,-140.34,-6.4,-5.3,82.2,27.32,27.7
5,1,5,8.96,-140.33,-4.9,-6.2,87.3,27.09,27.85
6,1,6,8.96,-140.33,-6.3,-4.9,91.5,26.82,27.98
7,1,7,8.97,-140.32,-6.7,-3.7,94.1,26.62,28.04
8,1,8,8.96,-140.33,-6.3,-4.8,92,26.89,27.98
9,1,9,8.97,-140.33,-6.3,-4.9,86.9,27.44,28.13
10,1,10,8.97,-140.32,-4.2,-2.5,87.3,26.62,28.14
11,1,11,8.96,-140.32,-6.8,-2.4,86,27.6,28.09
12,1,12,8.96,-140.33,-7.1,-3.2,82.2,27.87,28.15
13,1,13,8.96,-140.33,-6.7,-4.7,81.3,27.75,28.19
14,2,1,4.93,-139.87,-2.9,-1.2,87.6,26.84,28.35
15,2,2,4.92,-139.86,0.4,-1.6,82.3,27.3,28.48
16,2,3,4.92,-139.87,-4,-4.6,83,28,28.61
17,2,4,4.92,-139.88,-6.3,-3.2,87.6,27.61,28.55
18,2,5,4.93,-139.87,-4.1,3.3,84.6,27.69,28.35
19,2,6,4.93,-139.87,-5.4,1.9,81.9,27.96,28.48
20,2,7,4.93,-139.86,-4.7,0.9,80.3,28.08,28.54
21,2,8,4.92,-139.87,-2.5,-0.9,84.2,27.61,28.72
22,2,9,4.93,-139.87,-5.1,2,84.6,27.42,28.66
23,2,10,4.93,-139.86,-1.3,0.7,80,27.65,28.73
24,2,11,4.93,-139.85,-5.4,-1.2,83.4,27.89,28.84
25,2,12,4.93,-139.86,-6.2,-4,82.7,27.77,28.63
26,2,13,4.93,-139.87,-4.8,2.6,82.3,27.42,28.48
27,3,1,2.00,-139.95,-0.3,3.2,86.8,27.1,27.85
28,3,2,2.00,-139.96,-1.6,1.1,83.6,27.42,28.06
29,3,3,1.99,-139.97,-3.9,-2.5,87.5,27.3,28.01
30,3,4,1.98,-139.96,-4.7,1.4,88.3,26.98,27.95
31,3,5,1.99,-139.97,-5.3,2.5,82.5,27.14,27.99
32,3,6,2.00,-139.97,-6.8,0.5,82.8,27.46,27.89
33,3,7,2.00,-139.97,-5.6,0.5,84,27.02,27.49
34,3,8,2.00,-139.96,-3.4,2,87.2,26.55,27.27
35,3,9,2.00,-139.97,-4.5,2.3,82.1,25.59,26.97
36,3,10,2.00,-139.96,-4.1,0.4,79.3,25.47,27.07
37,3,11,1.99,-139.97,-5.8,0.7,83.2,26.27,27.37
38,3,12,2.00,-139.97,-7.2,2.8,83.2,26.23,27.26
39,3,13,2.00,-139.98,-5.8,0.5,78.1,25.79,27.1
40,3,14,2.00,-139.99,-5.4,-0.4,77.8,25.91,26.85
41,4,1,-0.01,-139.94,0.7,0.3,93.1,26.54,26.42
42,4,2,-0.02,-139.93,-1.5,-0.4,92.3,26.51,26.49
43,4,3,-0.01,-139.94,-3.4,-1.4,92.3,26.53,26.42
44,4,4,-0.02,-139.94,-4.3,1.3,92.3,26.18,26.02
45,4,5,-0.02,-139.94,-3.7,0.4,92.3,25.79,25.77
46,4,6,-0.01,-139.94,-5.1,-2.5,92.3,26.03,25.7
47,4,7,-0.02,-139.94,-5.4,-2.1,88.1,25.5,25.15
48,4,8,-0.02,-139.94,-3.6,-0.6,90.4,25.04,24.82
49,4,9,-0.02,-139.94,-3.3,0.3,88.8,24.63,24.51
50,4,10,-0.02,-139.93,-3,-2.7,87.3,24.51,24.36
51,4,11,-0.02,-139.93,-4.7,-1,90.4,24.19,24.15
52,4,12,-0.02,-139.93,-5.2,0.2,87.3,24.02,24.1
53,4,13,-0.01,-139.94,-4.7,-1,88.4,24.21,24.15
54,5,1,-2.02,-139.96,1.7,1.2,87.3,27.36,28.71
55,5,2,-2.00,-139.96,-1.1,-1.9,86.9,27.28,28.43
56,5,3,-2.01,-139.97,-3.7,-2.7,84.8,27.43,28.47
57,5,4,-2.01,-139.97,-4.4,-3,81.9,27.75,28.83
58,5,5,-2.02,-139.97,-3.9,-1.4,83.6,27.91,28.92
59,5,6,-2.02,-139.96,-5.8,-3.4,88.9,27.75,28.71
60,5,7,-2.03,-139.97,-4.5,-5.2,87.7,27.08,28.27
61,5,8,-2.02,-139.97,-3.6,-4.5,83.1,26.6,27.7
62,5,9,-2.02,-139.96,-2.6,-2.3,84.4,26.41,27.27
63,5,10,-2.02,-139.96,-1.2,-5.1,88.5,25.93,27
64,5,11,-2.01,-139.96,-4,-4.3,84.4,25.54,26.77
65,5,12,-2.01,-139.96,-4,-3.1,84.8,25.69,26.87
66,5,13,-2.02,-139.96,-2.8,-4.5,89.3,25.61,26.86
67,5,14,-2.02,-139.97,,,,25.26,26.55
68,6,1,-5.01,-139.92,-0.6,3.5,83.8,28.02,28.94
69,6,2,-5.01,-139.91,0.2,-2.5,85.4,27.13,28.85
70,6,3,-5.01,-139.92,-3.9,-3.4,79.8,28.38,29.03
71,6,4,-5.01,-139.92,-4.2,-2.5,79.4,28.18,28.98
72,6,5,-5.01,-139.92,-3,0.3,82.6,27.87,29.04
73,6,6,-5.01,-139.92,-7.9,1.1,78.6,28.45,29.08
74,6,7,-5.01,-139.92,-5.5,0.5,76.1,28.53,29.15
75,6,8,-5.01,-139.92,-3.1,-1.7,85.8,27.16,29.05
76,6,9,-5.01,-139.91,-3.5,-0.8,84.2,27.48,28.99
77,6,10,-5.01,-139.92,-3.3,-0.7,81.8,27.91,29.05
78,6,11,-5.00,-139.91,-2.8,-4.9,79.8,28.02,29
79,6,12,-5.01,-139.92,-4,-1.5,82.2,27.59,28.95
80,6,13,-5.01,-139.92,-7.8,1,76.1,28.34,28.88
81,6,14,-5.01,-139.92,,,,27.44,28.85
82,7,1,5.15,-124.87,-4.8,2.5,90.9,27.85,28.71
83,7,2,5.14,-124.86,-2.2,4,86.6,28.33,28.64
84,7,3,5.14,-124.87,-1.6,0.5,88.5,27.37,28.66
85,7,4,5.15,-124.87,-3,1.8,89.3,27.53,28.68
86,7,5,5.14,-124.87,-4.6,3.3,83.1,27.81,28.61
87,7,6,5.14,-124.87,-4.9,1.6,84.6,28.01,28.62
88,7,7,5.14,-124.87,-4.6,2.4,88.5,27.45,28.77
89,7,8,5.15,-124.87,-2.2,5.1,86.2,27.25,28.81
90,7,9,5.14,-124.87,-1.8,3.8,83.1,27.53,28.79
91,7,10,5.14,-124.87,-3.8,3.4,81.1,27.29,28.75
92,7,11,5.14,-124.87,-4.2,2.4,80.3,27.53,28.7
93,7,12,5.14,-124.87,-3.4,2.1,80.3,27.37,28.83
94,7,13,5.14,-124.87,-3.4,3.1,81.1,27.29,28.93
95,8,1,1.95,-125.07,-7.1,1.1,79.5,27.14,27.9
96,8,2,1.96,-125.07,-3.4,1.6,79.1,26.94,27.12
97,8,3,1.94,-125.07,-3.5,0.8,84.9,26.62,27.03
98,8,4,1.95,-125.07,-5.8,1.5,84.9,25.89,26.18
99,8,5,1.96,-125.07,-4.9,2.2,84.1,25.29,25.82
100,8,6,1.95,-125.07,-5.9,0.7,81.6,25.21,25.56
101,8,7,1.94,-125.07,-6,1.4,81.2,24.85,25.55
102,8,8,1.95,-125.07,-4.7,2,82.4,24.45,25.34
103,8,9,1.95,-125.07,-4.7,2,82.8,24.41,25.05
104,8,10,1.96,-125.07,-4.7,1.2,81.2,24.49,24.91
105,8,11,1.95,-125.07,-4.6,0.7,82.8,24.49,24.84
106,8,12,1.94,-125.07,-4.7,1.2,80.3,24.08,24.92
107,8,13,1.96,-125.07,-4.5,1.1,79.9,23.84,25.26
108,9,1,-0.20,-124.37,-3.6,0,89.8,25.09,24.62
109,9,2,-0.21,-124.37,-0.3,-0.6,89.4,25.39,24.82
110,9,3,-0.22,-124.36,-1,-0.9,89.4,25.75,25.59
111,9,4,-0.21,-124.39,-4.2,1,85.6,25.54,25.21
112,9,5,-0.20,-124.39,-3.6,1.2,85.2,25.13,24.71
113,9,6,-0.20,-124.39,-4.3,-0.1,84.4,24.7,24.1
114,9,7,-0.20,-124.4,-3.8,0,85.6,24.03,23.72
115,9,8,-0.19,-124.39,-3.1,-0.7,84.4,23.94,23.82
116,9,9,-0.20,-124.39,-3.2,-0.3,84.4,23.87,23.7
117,9,10,-0.20,-124.38,-2.6,-1.2,86.5,23.59,23.28
118,9,11,-0.19,-124.38,-3.5,-0.6,84.8,23.28,22.79
119,9,12,-0.19,-124.39,-3.1,0.7,84.4,22.72,22.44
120,9,13,-0.19,-124.38,-3.6,0,84.8,22.74,22.56
121,10,1,-2.03,-124.89,-5.3,-1.8,87,27.06,27.32
122,10,2,-2.03,-124.89,-0.6,-2.4,89.9,26.51,27.18
123,10,3,-2.04,-124.88,-0.3,-3.2,91.2,26.12,26.87
124,10,4,-2.02,-124.89,-4,-1,89.5,26.43,26.82
125,10,5,-2.03,-124.89,-4.6,-1.3,86.2,26.67,27.19
126,10,6,-2.04,-124.9,-6.4,-2.8,82.5,26.71,27.13
127,10,7,-2.04,-124.9,-5.9,-2,81.3,26.31,26.91
128,10,8,-2.04,-124.9,-3.2,-2.7,85.4,25.92,26.7
129,10,9,-2.04,-124.89,-4.4,-1.3,84.6,25.76,26.17
130,10,10,-2.04,-124.89,-3.6,-2.2,87,25.57,25.98
131,10,11,-2.04,-124.89,-3,-3.5,87.9,25.06,25.81
132,10,12,-2.04,-124.89,-3.9,-1.8,83.3,25.06,25.41
133,10,13,-2.03,-124.89,-2.7,-3.2,87.5,24.9,25.42
134,11,1,-5.02,-124.94,-7.2,-0.9,87.1,28.09,28.19
135,11,2,-5.01,-124.94,-6,0.1,85.6,28.36,28.23
136,11,3,-5.02,-124.94,-6.7,-0.2,83,28.32,28.32
137,11,4,-5.01,-124.94,-6,1.4,79.6,28.17,28.26
138,11,5,-5.01,-124.94,-5.3,0.6,84.5,27.51,28.41
139,11,6,-5.01,-124.94,-7.2,-2.8,82.2,28.05,28.46
140,11,7,-5.02,-124.94,-5.5,-3.5,80,27.89,28.42
141,11,8,-5.02,-124.95,-4.5,-2.2,83.4,27.82,28.25
142,11,9,-5.02,-124.93,-2.5,-3.8,81.9,27.7,28.22
143,11,10,-5.02,-124.94,-4.5,-3.7,80.7,27.97,28.17
144,11,11,-5.02,-124.94,-2.8,-1.3,79.2,27.74,28.32
145,11,12,-5.02,-124.93,-5.7,-2,85.2,27,28.21
146,11,13,-5.01,-124.94,-7.6,1.4,75.5,27.82,28.05
147,12,1,-7.97,-125.01,-8,0.7,79.6,28.29,
148,12,2,-7.97,-125.01,-6.1,1,79.6,28.25,
149,12,3,-7.97,-125.02,-6.2,1.8,76.6,28.05,
150,12,4,-7.97,-125.02,-5.1,1,71.5,27.81,
151,12,5,-7.97,-125.02,-6.2,0.4,76.2,27.97,
152,12,6,-7.97,-125.02,-7.9,0.9,78.3,27.85,
153,12,7,-7.97,-125.01,-6.6,0.8,83.5,27.18,
154,12,8,-7.95,-125.01,-6.3,1,75.8,28.05,
155,12,9,-7.96,-125.01,-6.2,1.6,82.6,27.38,
156,12,10,-7.97,-125.01,-8.5,-0.3,78.8,27.85,
157,12,11,-7.97,-125.01,-6.1,2.4,74.9,28.01,
158,12,12,-7.96,-125.02,-7.7,2.6,79.6,27.42,
159,12,13,-7.97,-125.02,-7.9,2.3,71.9,27.46,
160,13,1,8.05,-110.15,-3.9,-1.2,,28.84,29.66
161,13,2,8.05,-110.15,-0.4,4.2,,27.88,29.61
162,13,3,8.04,-110.15,4.8,2.5,,28.63,29.6
163,13,4,8.04,-110.16,2.3,-1.6,,27.87,29.58
164,13,5,8.04,-110.16,0.5,-2.4,,29.27,29.91
165,13,6,8.04,-110.15,0.6,-4,,29.26,29.99
166,13,7,8.04,-110.15,1.4,-5.1,,28.92,29.89
167,13,8,8.04,-110.15,1.2,-0.6,,28.9,29.9
168,13,9,8.04,-110.15,3.9,0,,28.77,29.92
169,13,10,8.05,-110.15,2.2,0.5,,28.2,29.82
170,13,11,8.04,-110.16,2.9,-2.5,,29.35,30.08
171,13,12,8.05,-110.16,1.9,1.4,,28.34,30.04
172,13,13,8.05,-110.15,4.3,4.2,,27.92,29.87
173,14,1,4.99,-109.96,-3.4,5.9,83.2,27.98,28.89
174,14,2,4.98,-109.96,-3.1,5.3,79.5,28.02,28.84
175,14,3,4.98,-109.96,1.4,5.8,81.6,27.7,28.75
176,14,4,4.97,-109.96,3.1,3.5,80.7,27.51,28.6
177,14,5,4.98,-109.96,-0.1,4.9,81.1,27.51,28.67
178,14,6,4.97,-109.96,-0.5,4.7,80.7,27.55,28.74
179,14,7,4.97,-109.96,-0.7,6,80.7,27.35,28.54
180,14,8,4.97,-109.96,-1.3,6.3,80.3,27.11,28
181,14,9,4.98,-109.96,-1.5,4.9,78.7,27.15,27.74
182,14,10,4.98,-109.96,-2.3,4.2,79.9,27.19,27.6
183,14,11,4.97,-109.96,-1.4,4.7,80.7,27.19,27.6
184,14,12,4.98,-109.96,-0.3,6.1,81.1,26.91,27.63
185,14,13,4.98,-109.96,-0.3,7.1,81.1,26.75,27.7
186,15,1,2.08,-110.1,-6.1,3.5,86.9,26.35,26.89
187,15,2,2.08,-110.1,-5.4,3.2,87.3,26.12,26.88
188,15,3,2.08,-110.1,-1.2,3.7,89.8,25.53,26.3
189,15,4,2.08,-110.1,0.4,2.6,88.2,25.45,26.09
190,15,5,2.08,-110.11,-1.9,2.9,87.7,24.91,25.83
191,15,6,2.07,-110.14,-3.6,2.7,89,24.91,25.84
192,15,7,2.08,-110.11,-4.5,3.7,88.6,24.67,26.07
193,15,8,2.08,-110.11,-5.2,4,86.5,24.75,26.16
194,15,9,2.08,-110.1,-4.9,2.7,83.5,25.26,26.24
195,15,10,2.08,-110.11,-4.1,1.5,84.8,25.18,26.18
196,15,11,2.08,-110.1,-3.5,2.5,86.5,25.03,26.09
197,15,12,2.08,-110.1,-2.8,4.1,86,24.17,25.47
198,15,13,2.08,-110.1,-2.8,3.9,87.3,23.74,24.56
199,16,1,-1.98,-110.01,-4.9,0.8,92.2,25.96,25.63
200,16,2,-1.98,-110,-2.2,1.5,93,25.77,25.28
201,16,3,-1.98,-110,-2.8,2.8,91.8,25.05,24.85
202,16,4,-1.98,-110.01,-0.9,0.7,91.4,25.09,25.01
203,16,5,-1.98,-110.01,-3.1,2.2,89.1,25.21,25.42
204,16,6,-1.98,-110.01,-4.4,0.3,89.1,25.45,25.59
205,16,7,-1.98,-110.01,-4.8,-0.1,87.5,25.45,25.66
206,16,8,-1.98,-110,-4.5,0.7,88.3,25.45,25.34
207,16,9,-1.98,-110,-3.3,-0.3,89.5,25.33,25.27
208,16,10,-1.98,-110,-3.5,-0.7,90.6,25.09,25.08
209,16,11,-1.98,-110,-2.9,-0.4,91,25.29,25.17
210,16,12,-1.98,-110,-2.7,0,88.3,24.82,25.11
211,16,13,-1.98,-110,-3.9,0.8,87.1,,
212,17,1,-4.98,-109.98,-7.1,2.8,86.2,27.28,27.31
213,17,2,-4.98,-109.99,-6,3.5,81.7,27.44,27.13
214,17,3,-4.97,-109.99,-4.3,4.7,80.5,27.36,27.19
215,17,4,-4.98,-109.99,-1.9,1.8,79.7,26.77,27.41
216,17,5,-4.98,-109.99,-4.5,1.4,79.7,26.93,27.46
217,17,6,-4.98,-109.98,-5.2,-0.9,82.1,26.62,27.19
218,17,7,-4.98,-109.99,-5,-0.7,83.3,26.58,26.95
219,17,8,-4.99,-109.99,-5.3,0,85,26.66,26.83
220,17,9,-4.98,-109.99,-4.6,-1,85,26.66,26.79
221,17,10,-4.98,-109.99,-5.4,-1,85,26.54,26.67
222,17,11,-4.98,-109.99,-4.6,0.7,84.1,26.27,26.56
223,17,12,-4.98,-109.99,-3.2,-1.2,88.2,25.88,26.64
224,17,13,-4.98,-109.99,-5.2,1.9,84.6,26.62,26.64
225,18,1,-8.05,-109.94,,,80.1,27.72,27.99
226,18,2,-8.05,-109.92,,,78.4,27.56,28.02
227,18,3,-8.05,-109.93,,,77.3,27.44,28.1
228,18,4,-8.05,-109.93,,,79.8,27.08,28.15
229,18,5,-8.05,-109.93,,,83.2,26.72,28.09
230,18,6,-8.10,-109.94,,,85.3,26.64,27.99
231,18,7,-8.05,-109.94,,,87.8,26.76,27.97
232,18,8,-8.05,-109.93,,,84.3,27.4,27.97
233,18,9,-8.05,-109.93,,,87.8,26.88,28.01
234,18,10,-8.05,-109.93,,,80.8,27.56,27.99
235,18,11,-8.05,-109.93,,,79.8,27.24,28.01
236,18,12,-8.05,-109.93,,,80.8,27.04,28.01
237,18,13,-8.05,-109.93,,,79.8,27.32,27.93
238,19,1,8.06,-94.96,-2.3,2.4,86.4,29.14,
239,19,2,8.06,-94.95,1.7,-0.3,83.7,29.24,
240,19,3,8.05,-94.96,0.9,1,87.1,28.53
241,19,4,8.05,-94.95,7,1.3,84.4,29.18
242,19,5,8.05,-94.96,3.3,2.8,83.7,29.32
243,19,6,8.06,-94.96,2.8,1.8,84.8,29.09
244,19,7,8.06,-94.95,0.4,1.1,83.7,28.97
245,19,8,8.06,-94.98,2,0.8,83.7,28.66
246,19,9,8.06,-94.95,2.5,1.3,84.1,28.67
247,19,10,8.05,-94.95,2.6,0.2,84.8,28.73
248,19,11,8.05,-94.95,2,-1.2,79.8,29.32
249,19,12,8.05,-94.95,2.8,-2.1,85.2,28.75
250,19,13,8.06,-94.95,3.9,1.4,87.9,27.74
251,20,1,5.02,-94.95,,,88.6,27.5
252,20,2,5.02,-94.95,,,81.5,28.61
253,20,3,5.02,-94.95,,,88.2,
254,20,4,5.03,-94.95,,,,28.72
255,20,5,5.03,-94.95,,,81.1,28.91
256,20,6,5.02,-94.95,,,83.1,,
257,20,7,5.02,-94.95,,,85.4,27.96,
258,20,8,5.02,-94.95,,,27.58,,
259,20,9,5.02,-94.96,,,83.1,28.3,
260,20,10,5.02,-94.96,,,,28.19,
261,20,11,5.03,-94.95,,,85.4,28.57,
262,20,12,5.03,-94.95,,,87.8,26.96,
263,20,13,5.03,-94.95,,,85,27.69,
264,21,1,1.99,-95,-3.2,6.8,81.8,28.12,29.29
265,21,2,1.99,-95,-1.8,6.6,81.8,27.88,29.23
266,21,3,1.99,-95,0.1,6.7,82.6,27.73,29.18
267,21,4,1.99,-95.01,3,5.8,83,27.65,29.08
268,21,5,1.97,-95.01,0.5,4.5,81.3,27.65,29.14
269,21,6,1.98,-95,-1.4,5.6,81.8,27.77,29.3
270,21,7,1.98,-95,-3.4,6.4,80.9,27.65,29.36
271,21,8,2.00,-95.05,-3.3,4,,,29.3
272,21,9,2.00,-95.03,1,5.2,,,28.97
273,21,10,2.00,-95.04,0.5,5.5,,,
274,21,11,2.00,-95.04,,,,,27.99
275,21,12,2.00,-95.04,-1,6.3,,,28.21
276,21,13,2.00,-95.03,-1.4,6.3,,,28.27
277,22,1,0.11,-94.99,-4.9,4.8,88.3,25.67,27.63
278,22,2,0.12,-94.99,-4,4.2,91.2,25.15,27.14
279,22,3,0.12,-94.98,-1.9,4.2,87.9,25.03,26.56
280,22,4,0.10,-94.98,1.2,3.5,89,24.83,26.45
281,22,5,0.10,-94.98,-2.8,3,89.4,24.51,26.71
282,22,6,0.11,-94.98,,,,24.35,27.12
283,22,7,0.11,-95.2,-3.4,1.9,,,26.76
284,22,8,0.09,-95.19,-6.5,0.2,,,27.01
285,22,9,0.10,-95.21,-6.3,-1.1,,,
286,22,10,0.11,-95.2,-5.2,-0.7,,,25.57
287,22,11,0.11,-95.2,-5.2,-0.2,,,25.07
288,22,12,0.10,-95.19,-4.2,0.7,,,24.87
289,22,13,0.13,-95.19,-3.4,0.6,,,24.21
290,23,1,-1.97,-95.03,-3.4,2.2,90.8,25.83,25.5
291,23,2,-1.97,-95.03,-3.6,2.2,89.6,25.99,25.7
292,23,3,-1.97,-95.03,-1.7,0.7,88.4,25.71,25.61
293,23,4,-1.98,-95.03,1,-0.2,89.6,25.24,25.42
294,23,5,-1.97,-95.03,-2.9,0.2,88.8,25,25.54
295,23,6,-1.97,-95.02,-3.6,1,90.8,,
296,23,7,-1.97,-95.02,-3.6,1.2,93.2,24.68,24.64
297,23,8,-1.96,-94.99,-3.5,0.1,92,24.92,24.99
298,23,9,-1.96,-94.99,-4.5,0.5,89.2,25.04,24.89
299,23,10,-1.97,-95,-3.8,1,90,25.16,25.16
300,23,11,-1.97,-95.02,-2.9,2.5,88,25.36,25.51
301,23,12,-1.98,-95.03,-3,2.3,90.4,25.4,25.51
302,23,13,-1.98,-95.03,-3.3,2.8,91.6,25.28,25.16
303,24,1,-5.01,-95.07,-6.6,4.9,77.3,27.63,27.64
304,24,2,-5.03,-95.07,-6.4,3.5,78.1,27.59,27.63
305,24,3,-5.02,-95.07,-4.1,2.9,78.9,27.4,27.24
306,24,4,-5.01,-95.07,-1.7,1.8,81.3,26.68,27.25
307,24,5,-5.02,-95.07,-3.5,1.4,82.1,26.64,27.26
308,24,6,-5.02,-95.07,-4.6,3.6,83.3,26.53,27.14
309,24,7,-5.02,-95.07,-6.1,2.8,79.3,27.04,27.18
310,24,8,-5.01,-95.06,,,,26.76,27.26
311,25,1,-8.02,-95.11,-7.8,3.5,75.8,27.38,27.71
312,25,2,-8.01,-95.1,-7,3.6,78.1,27.03,27.67
313,25,3,-8.01,-95.1,-6.1,3.9,83.4,26.01,27.65
314,25,4,-8.01,-95.1,-3.1,4.7,76.5,26.56,27.67
315,25,5,-8.01,-95.1,-4.6,2,78.1,26.6,27.69
316,25,6,-8.02,-95.1,-5.9,1.6,82.7,26.64,27.66
317,25,7,-8.01,-95.1,-7.7,4.6,80,26.79,27.55
318,25,8,-8.01,-95.1,-7.2,4.5,78.1,26.67,27.5
319,25,9,-8.02,-95.08,-6.1,2.7,73.9,26.71,27.53
320,25,10,-8.01,-95.1,-5.2,1.7,76.5,26.71,27.59
321,25,11,-8.01,-95.1,-3.9,2.1,77.3,26.67,27.61
322,25,12,-8.01,-95.1,-3.2,3.7,79.6,26.52,27.63
323,25,13,-8.01,-95.1,-3.4,3.9,78.8,26.48,27.59
324,26,1,8.00,-179.91,,,,27.78,28.33
325,26,2,7.99,-179.88,,,,28.22,28.36
326,26,3,8.00,-179.91,,,,28.02,28.37
327,26,4,8.00,-179.91,,,,27.94,28.39
328,26,5,8.00,-179.91,,,,27.21,28.39
329,26,6,8.00,-179.91,,,,27.98,28.38
330,26,6,8.00,-179.91,,,,27.86,28.41
331,26,7,8.00,-179.91,,,,28.18,28.46
332,26,8,8.00,-179.91,,,,28.1,28.4
333,26,9,7.99,-179.91,,,,27.98,28.43
334,26,10,8.00,-179.91,,,,27.94,28.42
335,26,11,8.00,-179.91,,,,27.66,28.42
336,26,12,7.99,-179.9,,,,27.78,28.46
337,26,13,8.00,-179.91,,,,28.06,28.48
338,26,14,8.00,-179.91,,,,28.06,28.48
339,27,1,2.02,179.8,-6,-3.2,85.4,28.09,28.41
340,27,2,2.03,179.8,-6.5,-0.3,90.4,27.19,28.28
341,27,3,2.03,179.8,-5.6,-1.9,86.6,28.06,28.44
342,28,1,0.07,-179.87,-4.4,-2.5,91.9,28.06,28.09
343,28,2,0.08,-179.87,-4.5,-0.1,91.6,28.06,28.26
344,28,3,0.08,-179.87,-4.7,-1.7,92.6,28.06,28.56
345,28,4,0.08,-179.87,-4.8,-2.1,90.6,28.37,28.71
346,28,5,0.08,-179.87,-4.2,0.5,89.2,28.49,28.92
347,28,6,0.08,-179.87,-3.7,-3,87.5,28.53,29.06
348,28,7,0.08,-179.87,-1.7,-2.8,89.6,28.14,29.01
349,28,8,0.08,-179.87,-2.3,-1.7,89.9,28.14,29.06
350,28,9,0.08,-179.87,-4.4,-1.3,88.2,28.45,29.36
351,28,10,0.08,-179.87,-4.5,-1.7,87.5,28.45,29.36
352,28,11,0.08,-179.87,-5.2,-1.4,90.6,27.71,29.23
353,28,12,0.08,-179.87,-3.6,-2.5,89.6,28.29,28.97
354,28,13,0.08,-179.87,-4.7,-2.9,89.6,28.33,28.9
355,28,14,0.07,-179.87,-6.7,-1.7,89.9,28.33,28.49
356,29,1,-1.99,-179.87,-2.8,-1,88.3,27.61,29.09
357,29,2,-1.99,-179.86,-4.2,-2.5,87.9,28.04,28.99
358,29,3,-1.99,-179.86,-3.1,-2.9,87.1,28.39,29.32
359,29,4,-1.98,-179.85,-3,0.9,84.6,28.59,29.34
360,29,5,-1.98,-179.85,-2.6,-2.2,86.2,28.35,29.58
361,29,6,-1.99,-179.85,-2.8,-2.2,87.9,27.26,29.38
362,29,7,-1.99,-179.85,-2.9,-1.6,83.7,28.59,29.54
363,29,8,-1.99,-179.85,-4.2,-1.1,83.7,28.74,29.6
364,29,9,-1.99,-179.85,-2.2,-2.3,82.9,28.66,29.6
365,29,10,-1.99,-179.85,-4.7,-1.7,83.3,28.55,29.57
366,29,11,-1.98,-179.85,-2.8,-2,82.1,28.86,29.69
367,29,12,-1.99,-179.85,-3.2,-4.1,87.1,27.8,29.57
368,29,13,-1.99,-179.84,-6.6,-2.9,81.6,29.09,29.53
369,29,14,-1.99,-179.84,-6.6,-2.9,81.6,29.09,29.53
370,30,1,-5.02,-179.96,,,,,29.34
371,30,2,-5.03,-179.96,,,,,29.26
372,30,3,-5.03,-179.95,,,,,29.45
373,30,4,-5.03,-179.97,,,,,29.44
374,30,5,-5.02,-179.96,,,,,29.35
375,30,6,-5.02,-179.96,,,,,29.44
376,30,7,-5.02,-179.96,,,,,29.25
377,30,8,-5.02,-179.96,,,,,29.26
378,30,9,-5.02,-179.96,-3.9,0,,,29.34
379,30,10,-5.02,-179.96,-2,0.8,,,29.57
380,30,11,-5.02,-179.96,-3.2,-0.3,,,29.61
381,30,12,-5.02,-179.96,-1.3,-1.3,,,29.58
382,30,13,-5.03,-179.96,-4.4,-3.2,,,29.59
383,30,14,-5.03,-179.96,-6.6,-3,,,29.47
384,31,1,-7.97,-179.86,-1.8,-1.1,,,29.53
385,31,2,-7.97,-179.87,-3,1.1,,,29.6
386,31,3,-7.97,-179.87,-6.5,-0.2,,,29.4
387,31,4,-7.97,-179.87,-5.6,2.1,,,29.35
388,31,5,-7.97,-179.86,-4.6,2.1,,,29.33
389,31,6,-7.97,-179.87,-4.3,1.5,,,29.3
390,31,7,-7.97,-179.87,-3.4,1.1,,,29.23
391,31,8,-7.97,-179.86,-3.4,0.1,,,29.24
392,31,9,-7.97,-179.86,-5.5,1.7,,,29.19
393,31,10,-7.97,-179.86,-4.7,0.3,,,29.26
394,31,11,-7.97,-179.87,-5.7,-0.9,,,29.18
395,31,12,-7.98,-179.86,-5.8,-1.5,,,29.11
396,31,13,-7.97,-179.87,-6,-1.8,,,29.12
397,31,14,-7.97,-179.87,-6.8,-1.9,,,
398,32,1,8.01,-170.06,-7.4,-5,82.6,27.96,28.22
399,32,2,8.01,-170.06,-7.5,-5.6,82,28,28.2
400,32,3,8.01,-170.06,-7.3,-5.7,84.7,27.93,28.19
401,32,4,8.01,-170.06,-7.4,-4.8,84,27.96,28.25
402,32,5,8.01,-170.06,-6.1,-5.7,82.3,27.93,28.26
403,32,6,8.00,-170.06,-6.2,-5,84.4,27.85,28.26
404,32,7,8.01,-170.05,-7,-4.7,84,27.89,28.24
405,32,8,8.00,-170.05,-5.9,-4.5,80.6,27.85,28.27
406,32,9,8.00,-170.05,-5.5,-4.3,79.9,27.73,28.29
407,32,10,8.00,-170.06,-5.3,-4.6,79.2,27.54,28.29
408,32,11,8.01,-170.06,-5.1,-2.6,77.2,27.61,28.3
409,32,12,8.00,-170.06,-3.7,-2.7,84.7,27.69,28.39
410,32,13,8.00,-170.05,-4.6,-2.1,87.4,28,28.41
411,32,14,8.00,-170.07,-6.7,-1.4,86.4,27.81,28.52
412,33,1,4.98,-169.96,-7.9,-2.8,,27.83,28.47
413,33,2,4.97,-169.98,-7.9,-3,,27.97,28.44
414,33,3,4.97,-169.97,-8.9,-1.8,,27.47,28.39
415,33,4,4.98,-169.97,-7.8,-2,,27.21,28.33
416,33,5,4.98,-169.98,-7.6,-3.2,,27.72,28.34
417,33,6,4.97,-169.98,-7.7,-1,,27.61,28.32
418,33,7,4.97,-169.97,-8.4,-2.1,,27.81,28.36
419,33,8,4.97,-169.98,-6.7,-2.6,,27.43,28.31
420,33,9,4.97,-169.97,-6,-4.9,,27.85,28.27
421,33,10,4.97,-169.96,-6.2,-4.5,,27.72,28.31
422,33,11,4.97,-169.98,-5.7,-3.8,,27.71,28.33
423,33,12,4.97,-169.98,-4.9,-3.5,,27.84,28.39
424,33,13,4.97,-169.98,-4.2,-1.2,,27.61,28.53
425,33,14,4.97,-169.98,-6.2,2.2,,26.86,28.5
426,34,1,1.97,-170.02,-4.8,-3.5,94.9,27.85,28.36
427,34,2,1.98,-170.02,-5.7,-3.1,96.9,28.05,28.29
428,34,3,1.98,-170.01,-6.1,-0.4,95.7,27.97,28.22
429,34,4,1.98,-170.01,-4.9,-0.6,98.6,27.78,28.2
430,34,5,1.97,-170.01,-4.7,-0.3,99,27.85,28.19
431,34,6,1.98,-170.01,-4.4,-0.9,97.4,27.89,28.19
432,34,7,1.98,-170,-4.7,-3.1,96.9,28.01,28.04
433,34,8,1.98,-170.01,-3.5,-1.3,96.5,27.66,28.21
434,34,9,1.97,-170,-3.2,-0.9,99.4,26.99,28.34
435,34,10,1.97,-170,-3.7,-4.4,94.9,27.66,28.38
436,34,11,1.97,-170,-3.8,-3.4,94.9,27.74,28.43
437,34,12,1.97,-170,-3.7,-3.2,94.9,27.97,28.56
438,34,13,1.98,-170.01,-3.9,-1.8,92.5,28.2,28.58
439,34,14,1.97,-170,-6.3,0.4,89.7,28.24,28.65
440,35,1,-0.03,-170.02,-4.5,-2.6,90.4,27.72,27.7
441,35,2,-0.03,-170.03,-4.9,-2.7,89.6,28.15,28.25
442,35,3,-0.03,-170.02,-5,-1.9,88.3,28.23,28.38
443,35,4,-0.03,-170.03,-5.6,-1.8,87.9,28.15,28.17
444,35,5,-0.03,-170.02,-4.8,-0.5,88.7,28.07,28.1
445,35,6,-0.03,-170.02,-4.4,-2.2,88.3,28.15,28.55
446,35,7,-0.03,-170.02,-4.9,-2.3,86.2,28.34,28.8
447,35,8,-0.03,-170.02,-3.5,-1.3,85.3,28.38,28.99
448,35,9,-0.03,-170.02,-3,-0.6,82.8,28.58,29.24
449,35,10,-0.03,-170.02,-3.2,-4.4,84.5,28.23,28.87
450,35,11,-0.03,-170.02,-3.4,-3.2,85.7,28.19,28.74
451,35,12,-0.03,-170.02,-3.9,-3.9,84.9,28.23,28.49
452,35,13,-0.04,-170.03,-4.3,-2.6,85.3,28.11,28.2
453,35,14,-0.03,-170.03,-6,-1.7,85.7,27.99,28.12
454,36,1,-2.15,-170.02,-4.3,-2.3,87.1,28.97,29.59
455,36,2,-2.16,-170.02,-4.3,-1.7,94.2,27.97,29.48
456,36,3,-2.15,-170.02,-4.1,-2.1,91.1,28.65,29.51
457,36,4,-2.15,-170.02,-4.2,-2.5,90.7,28.81,29.6
458,36,5,-2.15,-170.02,-3.2,-1.1,89.9,28.69,29.6
459,36,6,-2.15,-170.01,-4.7,-2,90.3,28.57,29.52
460,36,7,-2.16,-170.01,-3.7,-4.6,87.1,29.13,29.43
461,36,8,-2.16,-170.01,-0.6,-1.2,90.7,28.13,29.65
462,36,9,-2.16,-170.01,-0.7,-0.1,87.1,28.49,29.96
463,36,10,-2.16,-170.01,-2.8,-0.6,86.7,28.65,29.84
464,36,11,-2.16,-170.01,-3,-1.3,89.9,28.37,29.7
465,36,12,-2.16,-170.01,-4.5,-3.5,94.2,27.61,29.55
466,36,13,-2.16,-170.01,-4,-4.1,86.3,28.49,29.43
467,36,14,-2.16,-170.01,-7.1,-1,82.8,29.21,29.47
468,37,1,-5.01,-169.99,,,83.3,28.56,29.54
469,37,2,-5.01,-169.99,,,80.9,28.84,29.49
470,37,3,-5.01,-169.99,,,79.7,29.11,29.9
471,37,4,-5.01,-169.99,,,82.5,29.07,29.82
472,37,5,-5.01,-169.98,,,83.3,28.95,29.66
473,37,6,-5.01,-169.99,,,84.1,28.56,29.48
474,37,7,-5.02,-169.98,,,85.3,28.49,29.38
475,37,8,-5.01,-169.99,,,82.5,28.87,29.65
476,37,9,-5.01,-169.99,,,81.3,28.29,29.68
477,37,10,-5.01,-169.99,,,80.5,28.72,29.73
478,37,11,-5.01,-169.99,,,80.9,29.15,29.64
479,37,12,-5.01,-169.99,,,82.9,29.15,29.49
480,37,13,-5.02,-169.99,,,81.7,28.95,29.5
481,37,14,-5.01,-169.99,,,77.3,29.34,29.49
482,38,1,-7.98,-170.03,,,,28.18,29.58
483,38,2,-7.98,-170.03,,,,28.34,29.51
484,38,3,-7.98,-170.03,-6.1,1.8,82.5,28.06,29.45
485,38,4,-7.98,-170.03,,,,28.02,29.33
486,38,5,-7.98,-170.03,,,,,
487,38,6,-7.98,-170.03,-6.2,0,81.7,28.7,29.39
488,38,7,-8.00,-170,,,,,
489,38,8,-8.00,-170,-3.1,1.1,82.9,28.3,29.38
490,38,9,-8.00,-170,-3.4,0.5,80,,
491,38,10,-8.00,-170,-2.7,0,79.1,28.46,29.61
492,38,11,-8.00,-170,,,,,
493,38,12,-8.00,-170,,,,,
494,38,13,-8.00,-170,,,,27.89,29.44
495,39,1,7.97,-155.01,,,,,27.88
496,39,2,7.97,-155,,,,,27.88
497,39,3,7.97,-155.01,,,,,27.88
498,39,4,7.98,-155,,,,,27.9
499,39,5,7.97,-155,,,,,27.93
500,39,6,7.98,-155.01,,,,,27.94
501,39,7,7.97,-155,,,,,27.94
502,39,8,7.97,-155,,,,,27.99
503,39,9,7.97,-155,,,,,28.04
504,39,10,7.98,-155,,,,,28.03
505,39,11,7.97,-155.01,,,,,28.1
506,39,12,7.97,-155,,,,,28.1
507,39,13,7.98,-155.01,,,,,28.08
508,39,14,7.98,-155,,,,,28.06
509,40,1,4.98,-154.94,-6.2,-1.8,89.2,26.67,28.2
510,40,2,4.97,-154.94,-7,-2.2,91.8,26.71,28.18
511,40,3,4.98,-154.93,-6.9,-4.1,90.9,27.39,28.2
512,40,4,4.98,-154.94,-6.9,-2.9,91.4,27.67,28.22
513,40,5,4.98,-154.93,-6.8,-1.9,91.4,27.47,28.19
514,40,6,4.98,-154.93,-5.8,-2.2,92.2,26.95,28.21
515,40,7,4.98,-154.94,-3.1,-3,87.5,27.27,28.14
516,40,8,4.98,-154.93,-3.3,-1.9,85,27.39,28.41
517,40,9,4.98,-154.93,0.5,0.3,81.6,28.07,29.12
518,40,10,4.99,-154.93,-1.6,0.5,85.4,27.51,29.3
519,40,11,4.99,-154.93,-4.5,0.1,85,27.87,29.17
520,40,12,4.97,-154.94,-6.2,-0.5,88.8,27.83,28.73
521,40,13,4.99,-154.93,-8.1,-0.4,90.9,27.59,28.59
522,40,14,4.98,-154.94,-5.9,-0.3,86.3,27.39,28.49
523,41,1,1.99,-154.96,-0.9,0.1,,,28.19
524,41,2,1.98,-154.95,-3.5,-1.8,,,28.27
525,41,3,1.99,-154.97,-4.5,-1.4,,,28.11
526,41,4,1.99,-154.96,-4.8,-0.5,,,27.88
527,41,5,1.99,-154.96,-5.2,1.9,,,27.92
528,41,6,1.99,-154.96,-4.5,1.4,,,27.84
529,41,7,1.98,-154.96,-3.7,-1.6,,,27.95
530,41,8,1.99,-154.96,-2.9,-1.5,,,28.11
531,41,9,1.98,-154.96,-1.4,1.6,,,28.54
532,41,10,1.98,-154.95,-3.5,1.6,,,28.37
533,41,11,1.99,-154.95,-5.4,0.6,,,28.11
534,41,12,1.99,-154.95,-6.2,1.2,,,27.9
535,41,13,1.99,-154.95,-7.3,2.8,,,27.77
536,41,14,1.99,-154.95,-4.2,1.8,,,27.66
537,42,1,0.00,-154.96,0,-0.1,,25.94,27.12
538,42,2,-0.01,-154.96,-1.8,-1.8,,26.74,27.48
539,42,3,0.00,-154.95,-3.6,-2.8,,26.98,27.6
540,42,4,0.00,-154.96,-4.3,-1.9,,26.94,27.58
541,42,5,0.00,-154.96,-5.3,-0.9,,27.15,27.69
542,42,6,0.00,-154.96,-3.8,-1.6,,27.15,27.76
543,42,7,-0.01,-154.96,-3.4,-2.8,,27.02,28.04
544,42,8,0.00,-154.96,-2.6,-2.7,,26.98,28.02
545,42,9,0.00,-154.96,-2.5,0,,26.98,28.07
546,42,10,0.00,-154.96,-4.1,-1.1,,26.7,27.98
547,42,11,-0.01,-154.95,-4.9,-1.8,,26.46,27.57
548,42,12,0.00,-154.95,-6,-1.4,,26.02,27.01
549,42,13,0.00,-154.96,-6.3,-0.4,,25.82,26.57
550,42,14,0.00,-154.96,-3.6,-0.6,,25.7,26.49
551,43,1,-2.00,-154.98,-1.9,1.6,81.5,27.37,28.97
552,43,2,-2.00,-154.98,-1.3,-0.7,83.3,28.17,29.07
553,43,3,-1.99,-154.99,-2.2,-3.8,86.4,27.57,29.09
554,43,4,-2.00,-154.98,-4,-4.8,78.4,28.69,29.42
555,43,5,-2.00,-154.99,-5.9,-2.5,77.6,29.01,29.53
556,43,6,-2.00,-155,-5.3,0.2,79.8,29.09,29.56
557,43,7,-2.00,-154.99,-4.5,-1.3,81.1,28.69,29.58
558,43,8,-2.00,-154.98,-4.8,-3.7,77.6,28.57,29.49
559,43,9,-2.01,-154.99,-3.5,-2.7,76.7,28.49,29.55
560,43,10,-2.00,-154.98,-3.7,-2.7,74.5,28.33,29.5
561,43,11,-2.00,-154.99,-4.7,-3.7,75.8,28.13,29.51
562,43,12,-2.00,-154.99,-6.3,-3.2,72.3,28.01,29.39
563,43,13,-2.01,-154.99,-6.9,-1.5,74.5,28.53,29.3
564,43,14,-2.00,-154.99,-4.1,-2.6,81.1,27.89,29.2
565,44,1,-5.00,-154.99,3.1,1.2,83.4,28.08,29.44
566,44,2,-4.99,-154.99,-2.7,0.4,86.4,27.97,29.23
567,44,3,-4.99,-154.99,-4.4,-0.9,85.1,28.6,29.49
568,44,4,-5.00,-154.99,-4.5,-2.7,88.5,27.85,29.37
569,44,5,-5.00,-154.99,-5.4,-2,82.6,28.56,29.36
570,44,6,-5.00,-154.99,-5.2,0.6,82.2,28.76,29.44
571,44,7,-5.00,-154.99,-5,-1,85.1,28.24,29.42
572,44,8,-5.00,-154.99,-5.2,-1.8,81.3,28.64,29.41
573,44,9,-5.00,-154.99,-3.2,-0.5,77.5,28.4,29.53
574,44,10,-5.00,-154.99,-3.5,-1.1,80.1,28.32,29.57
575,44,11,-5.01,-154.99,-5.7,0.9,86,27.89,29.5
576,44,12,-4.99,-154.99,-4.5,-2.7,86,27.77,29.38
577,44,13,-5.00,-154.99,-5.8,-0.9,77.1,28.84,29.39
578,44,14,-5.00,-154.99,-4.2,1.7,82.2,28.8,29.47
579,45,1,-8.28,-154.97,2,-0.1,81.8,27.89,29.26
580,45,2,-8.27,-154.97,-1.1,-1.2,82.1,28.24,29.1
581,45,3,-8.28,-154.97,-2.8,-1.3,80.3,28.99,29.36
582,45,4,-8.28,-154.97,-4.7,-0.5,81.4,29.07,29.45
583,45,5,-8.28,-154.97,-5.4,-0.8,82.1,29.03,29.44
584,45,6,-8.28,-154.97,-5.5,0,81.4,29.23,29.43
585,45,7,-8.28,-154.97,-6.2,-2.2,81.8,29.31,29.41
586,45,8,-8.28,-154.97,-6.2,-0.9,81.4,29.15,29.4
587,45,9,-8.28,-154.96,-2.9,-1.9,82.1,28.44,29.39
588,45,10,-8.28,-154.97,-4.2,-2.1,76.7,29.03,29.46
589,45,11,-8.28,-154.97,-6.2,0.8,75.6,29.11,29.47
590,45,12,-8.28,-154.96,-5.7,-1.6,77.8,29.03,29.48
591,45,13,-8.27,-154.97,-5.4,-1.2,82.8,28.48,29.5
592,45,14,-8.28,-154.97,-6.9,0.9,81.8,28.56,29.4
593,46,1,2.41,137.41,-3,0.4,84,28.86,29.85
594,46,2,2.42,137.41,-4.5,0,82,28.86,29.48
595,46,3,2.41,137.41,-3.9,1,82.8,29.18,29.54
596,46,4,2.41,137.41,-3.8,-0.6,82.4,29.18,29.65
597,46,5,2.42,137.41,-2.2,-1.4,78.8,29.25,29.98
598,46,6,2.41,137.41,-1.4,-1.9,78.8,29.14,30.03
599,46,7,2.41,137.41,-3.2,-1.3,78.1,29.41,30.15
600,46,8,2.42,137.42,-4.4,-1.6,79.6,29.53,30.03
601,46,9,2.42,137.41,-3.6,-1.3,82.8,28.74,29.99
602,46,10,2.42,137.41,-1.5,1.2,79.6,28.7,29.96
603,46,11,2.42,137.41,-1.8,0.1,77.7,,
604,46,12,2.42,137.41,-2.8,-2.2,86,27.78,30
605,46,13,2.42,137.41,-4.3,0.6,80.4,28.9,29.69
606,46,14,2.42,137.41,0,0.4,83.6,28.42,29.88
607,47,1,4.97,147,-5.1,-0.4,80.1,29.04,29.34
608,47,2,4.97,147,-4.2,-2.9,83.4,28.8,29.35
609,47,3,4.97,146.99,-6.1,-3.2,80.9,29.12,29.29
610,47,4,4.97,147,-4.2,-2.3,82.6,28.8,29.38
611,47,5,4.97,147,-4.7,-0.5,85.1,27.99,29.35
612,47,6,4.97,147,-3.1,-0.8,81.3,28.03,29.19
613,47,7,4.97,147,-4,-2.2,83,28.52,29.38
614,47,8,4.97,147,-4.8,-1.9,80.5,28.64,29.23
615,47,9,4.97,147,-3.9,-0.7,79.7,28.64,29.33
616,47,10,4.97,147.01,-4.9,-1.5,81.3,28.39,29.43
617,47,11,4.97,147,-5.1,-4.1,84.3,28.72,29.3
618,47,12,4.97,147,-5.5,-3.6,82.6,29.12,29.35
619,47,13,4.97,147.01,-5.2,-1.6,83.9,28.64,29.44
620,47,14,4.97,146.99,,,,28.8,29.4
621,48,1,-0.01,146.99,-2.3,-0.3,80.5,29.16,29.75
622,48,2,0.01,146.99,-3,-2.6,82.8,29.05,29.55
623,48,3,0.00,146.99,-6,-0.4,87.5,28.48,29.52
624,48,4,0.00,146.99,-3.2,-1.8,86.7,28.44,29.34
625,48,5,0.00,146.99,-0.6,3.3,88.2,27,29.31
626,48,6,0.00,147,0.5,-0.3,83.6,28.52,29.5
627,48,7,0.00,147,0.1,-1.9,81.7,29.05,29.85
628,48,8,0.00,146.99,-0.3,-0.5,81.7,28.9,30.03
629,48,9,0.00,147,-2.7,0,80.1,29.32,30.34
630,48,10,0.00,147,-2.5,-1.3,81.3,29.2,30.12
631,48,11,0.00,147,-3,-3.8,84,29.05,29.92
632,48,12,0.00,147,-4.6,-0.5,86.7,28.48,29.57
633,48,13,0.00,147.01,-3,1.2,88.6,27.95,29.46
634,49,1,8.08,156.01,-6.6,-3,84.5,28.53,28.98
635,49,2,8.08,156.02,-5.5,-4.1,83.7,28.41,28.98
636,49,3,8.09,156.02,-6.8,-3.4,81.8,28.41,28.92
637,49,4,8.08,156.02,-5.1,-2.6,88,27.81,28.91
638,49,5,8.08,156.02,-6.8,-3.2,87.3,27.81,28.85
639,49,6,8.08,156.02,-5.1,-4.2,83.7,28.33,28.8
640,49,7,8.08,156.02,-5.2,-3.4,82.6,28.09,28.81
641,49,8,8.07,156.01,-5.2,-2,85.3,27.89,28.87
642,49,9,8.09,156.02,-5.2,-2,85.7,28.41,29
643,49,10,8.09,156.02,-4.8,-2.8,87.3,28.41,29.07
644,49,11,8.07,156.02,-5.3,-3.8,86.9,28.41,29.03
645,49,12,8.09,156.02,-7.5,-2.5,84.9,28.57,28.95
646,49,13,8.09,156.01,-5.9,-2.5,87.3,28.29,28.94
647,49,14,8.08,156.02,-5.5,-0.7,94.3,27.29,28.89
648,50,1,4.98,156.06,-6.3,-3.5,83.7,28.89,29.04
649,50,2,4.98,156.07,-5.4,-3.4,79.6,28.97,28.9
650,50,3,4.98,156.07,-6.2,-2.7,82.5,28.78,28.98
651,50,4,4.99,156.06,-4.2,-1.3,85.7,28.07,29.05
652,50,5,4.99,156.06,-4.2,-3.3,86.1,27.99,29.15
653,50,6,4.99,156.06,-4,-4.4,81.2,28.97,29.08
654,50,7,4.99,156.06,-4.1,-3.5,78.4,28.85,29.04
655,50,8,4.98,156.06,-4.7,-0.4,78.4,28.85,29.19
656,50,9,4.99,156.06,-4.6,-2.5,78.8,29.01,29.13
657,50,10,4.99,156.07,-5.1,-1.8,81.2,28.89,29.23
658,50,11,4.99,156.07,-5.5,-4.2,80.8,29.17,29.14
659,50,12,4.99,156.07,-7.2,-1.7,81.2,29.01,29.1
660,50,13,4.99,156.07,-6.5,-1.8,82.5,28.97,29.08
661,50,14,4.99,156.08,-3.5,-0.6,85.7,28.23,29.03
662,51,1,2.08,156.21,-4.5,-3.2,83,28.57,29.33
663,51,2,2.08,156.21,-5.2,-3.5,81.8,28.76,29.04
664,51,3,2.08,156.2,-5.4,-2.2,84.6,27.93,29.05
665,51,4,2.08,156.21,-4.3,0.3,83.8,28.05,28.87
666,51,5,2.08,156.21,-3,-2,83,28.37,29.06
667,51,6,2.09,156.21,-2.3,-3.1,82.2,28.41,29.13
668,51,7,2.09,156.22,-3.4,-3.8,80.2,28.6,28.98
669,51,8,2.08,156.2,-4.1,-1.2,80.6,28.41,29.05
670,51,9,2.08,156.21,-3.6,0,85.4,27.26,29.09
671,51,10,2.09,156.21,-3.5,-2.5,82.2,28.25,28.94
672,51,11,2.08,156.2,-5.4,-5.1,83,28.64,28.96
673,51,12,2.08,156.21,-6.3,-2.9,82.6,28.64,28.97
674,51,13,2.08,156.2,-7,-1.4,82.2,28.72,28.96
675,51,14,2.07,156.2,-4.7,-0.5,80.2,28.64,28.97
676,52,1,0.06,156.16,-3,-2.8,86.7,28.26,29.23
677,52,2,0.06,156.17,-4.4,-1.9,87.8,27.94,29.34
678,52,3,0.06,156.16,-3.5,-1.2,86.7,27.98,29.48
679,52,4,0.06,156.16,-3.5,-0.8,86.3,28.22,29.5
680,52,5,0.06,156.16,-3,-2.2,83.9,28.42,29.52
681,52,6,0.06,156.17,-0.6,-3.3,83.9,28.26,29.66
682,52,7,0.06,156.16,-2.4,-2.8,89.4,27.27,29.43
683,52,8,0.06,156.16,-2.8,1,88.6,27.35,29.38
684,52,9,0.06,156.16,0.2,-0.8,85.1,27.78,29.55
685,52,10,0.06,156.17,-3.1,-3.3,83.9,28.26,29.47
686,52,11,0.06,156.16,-5.3,-5,87.1,28.45,29.16
687,52,12,0.06,156.17,-6.1,-1.3,87.1,28.26,28.97
688,52,13,0.06,156.17,-6.7,-1.4,86.3,28.26,28.83
689,52,14,0.06,156.16,-3.9,-1.6,85.9,28.18,28.89
690,53,1,-1.98,155.94,-2.3,-2.6,78.3,28.68,29.75
691,53,2,-1.99,155.94,-3,-0.2,78.3,28.4,29.95
692,53,3,-1.99,155.94,-3.6,0.1,76.7,28.96,30.1
693,53,4,-1.99,155.93,-3.6,-0.1,76.3,29.08,30.15
694,53,5,-1.99,155.94,-2.2,-2,78.8,28.84,29.98
695,53,6,-1.99,155.94,-0.4,-2.7,77.1,28.76,30.05
696,53,7,-1.99,155.94,0.9,-1.7,82.9,27.65,29.94
697,53,8,-1.99,155.94,1.8,2.1,82.9,27.65,29.7
698,53,9,-1.99,155.94,-1.1,-1.2,81.3,28.16,29.67
699,53,10,-1.99,155.94,-1.3,-1.8,88.3,30.04,29.6
700,53,11,-1.99,155.94,-4.8,-4.7,,,29.59
701,53,12,-1.99,155.94,-5,-1.4,,,29.58
702,53,13,-1.99,155.94,-6.2,1.1,,,29.54
703,53,14,-2.00,155.94,-1.6,0,,,29.3
704,54,1,7.98,165.06,-5.8,-3.4,84.5,28.35,28.72
705,54,2,7.98,165.07,-5.8,-4.3,83.7,28.44,28.71
706,54,3,7.99,165.06,-7,-2.4,87.7,28.18,28.7
707,54,4,7.98,165.07,-7.2,-3.9,87.7,28.42,28.74
708,54,5,7.99,165.06,-5.8,-4.5,81.4,28.5,28.7
709,54,6,7.99,165.06,-4.4,-4.2,79.8,28.33,28.76
710,54,7,7.98,165.07,-4.9,-2.5,84.5,28.32,28.75
711,54,8,7.99,165.07,-4.1,1.2,92.4,27.67,28.77
712,54,9,7.98,165.06,-1.5,0.1,92.4,26.97,28.77
713,54,10,7.98,165.07,-6.1,-4.1,85.3,28.46,28.77
714,54,11,7.98,165.06,-5.8,-3.8,81.4,28.45,28.77
715,54,12,7.98,165.06,-6.8,-2.4,88.9,28.17,28.77
716,54,13,7.98,165.08,-6.7,-4.2,90,28.28,28.77
717,54,14,7.98,165.06,-6.2,-4.9,88.9,28.4,28.77
718,55,1,5.03,165.02,-6.2,-3.5,84,28.5,28.68
719,55,2,5.02,165.03,-6.1,-3.9,84.4,28.44,28.65
720,55,3,5.02,165.03,-6.2,-0.2,89.3,27.65,28.63
721,55,4,5.02,165.02,-6.6,-1.8,88.5,28.12,28.77
722,55,5,5.02,165.02,-5.6,-4.4,86.5,28.13,28.62
723,55,6,5.02,165.02,-3.9,-5.3,81.2,28.34,28.66
724,55,7,5.03,165.02,-4,-2.9,84.4,28.24,28.68
725,55,8,5.03,165.03,-2,3.3,88.5,27.98,28.82
726,55,9,5.03,165.02,-3.2,-1,84.8,27.97,28.96
727,55,10,5.03,165.02,-7.2,-3.1,85.3,28.43,28.82
728,55,11,5.03,165.02,-5.9,-3.8,82.8,28.44,28.79
729,55,12,5.03,165.02,-6.8,-0.2,84.8,28.55,28.85
730,55,13,5.02,165.03,-6.6,-0.6,88.5,28.18,28.88
731,55,14,5.03,165.02,-6.4,-1.6,87.7,28.53,28.87
732,56,1,0.01,165.01,-1.7,-1.9,,,
733,56,2,0.00,165.02,-3.50,0.3,,,
734,56,3,0.00,165.01,-3.80,-0.2,,,
735,56,4,0.00,165.01,-4.30,-1.5,,,
736,56,5,0.00,165.01,-2.90,-1.9,,,
737,56,6,0.00,165.01,-1.10,-2.2,,,
738,56,7,0.00,165.02,-0.80,-0.9,,,
739,56,8,0.00,165.02,-2.90,1.5,,,
740,56,9,0.00,165.01,-3.00,-2.9,,,
741,56,10,0.00,165.02,-3.90,-5,,,
742,56,11,0.00,165.01,-4.10,-2.1,,,
743,56,12,0.00,165.01,-4.90,0,,,
744,56,13,0.00,165.01,-4.90,-1.6,,,
745,56,14,0.00,165.01,-4.00,-1.7,,,
746,57,1,-1.92,164.41,-1.60,-3.40,81.30,28.44,
747,57,2,-1.92,164.41,-2.00,-0.90,79.20,28.52,
748,57,3,-1.92,164.42,-3.30,-0.30,78.00,28.67,
749,57,4,-1.92,164.42,-3.60,-2.30,82.50,28.48,
750,57,5,-1.93,164.41,-2.30,-2.90,79.60,28.55,
751,57,6,-1.92,164.42,-0.20,-2.70,80.10,28.49,
752,57,7,-1.92,164.42,-3.30,1.10,80.90,28.26,
753,57,8,-1.92,164.42,-3.00,1.70,80.90,28.45,
754,57,9,-1.93,164.42,-4.40,-2.30,83.30,28.18,
755,58,1,-5.00,165.20,0.30,-4.40,88.10,26.82,29.35
756,58,2,-5.00,165.21,-0.40,-1.20,85.00,27.50,29.53
757,58,3,-4.99,165.21,-1.30,-0.70,75.90,28.72,29.70
758,58,4,-5.00,165.21,-2.40,-0.20,79.80,28.67,29.84
759,58,5,-4.99,165.21,-0.30,-2.00,80.70,28.28,29.68
760,58,6,-5.00,165.21,3.40,1.70,84.10,27.49,29.56
761,58,7,-4.99,165.21,-3.40,-0.20,85.50,26.61,29.46
762,58,8,-4.99,165.20,-3.90,1.10,79.80,28.13,29.42
763,58,9,-4.99,165.21,-6.30,-0.10,85.90,27.34,29.33
764,58,10,-4.99,165.21,-2.40,-3.10,82.40,27.60,29.39
765,58,11,-5.00,165.20,-3.70,0.00,84.10,27.21,29.34
766,58,12,-5.00,165.20,-4.20,1.60,81.50,28.09,29.38
767,58,13,-5.00,165.20,-5.10,1.10,83.30,28.16,29.46
768,58,14,-5.00,165.20,-3.90,-1.00,85.90,27.89,29.42
769,59,1,-8.03,164.82,,,93.30,27.64,28.69
770,59,2,-8.03,164.81,,,91.80,28.48,28.94
771,59,3,-8.03,164.82,,,91.20,28.61,29.07
772,59,4,-8.03,164.82,,,93.60,28.47,28.90
773,59,5,-8.03,164.82,,,88.80,28.47,29.22
774,59,6,-8.03,164.82,,,90.60,27.97,29.11
775,59,7,-8.03,164.82,,,89.50,27.51,28.78
776,59,8,-8.04,164.82,,,85.90,27.65,28.65
777,59,9,-8.03,164.82,,,89.50,28.37,28.66
778,59,10,-8.04,164.82,,,93.60,26.89,28.52
779,59,11,-8.04,164.82,,,92.30,27.62,28.44
780,59,12,-8.03,164.81,,,93.20,28.33,28.43
781,59,13,-8.04,164.82,,,95.50,28.44,28.51
782,59,14,-8.04,164.81,,,93.40,28.67,28.61
